Sample,seconds_elapsed,Acx,Acy,Acz,Gyx,Gyy,Gyz
0,1.0825,0.121,-0.001,10.35,-1.0,0.0,0.0
1,1.1024,0.113,-0.024,10.345,-2.0,-1.0,-1.0
2,1.1223,0.146,-0.014,10.327,-1.0,0.0,-1.0
3,1.1423,0.123,-0.03,10.349,-2.0,-1.0,0.0
4,1.1622,0.12,-0.014,10.337,-1.0,0.0,0.0
5,1.1821,0.101,-0.025,10.349,0.0,-1.0,-1.0
6,1.2021,0.087,-0.002,10.353,0.0,0.0,1.0
7,1.222,0.098,-0.01,10.379,-1.0,0.0,0.0
8,1.242,0.146,-0.018,10.32,0.0,1.0,-1.0
9,1.2639,0.114,-0.004,10.354,-1.0,-1.0,0.0
9,1.2838,0.072,-0.044,10.378,0.0,-1.0,0.0
10,1.3038,0.12,-0.013,10.363,-1.0,2.0,1.0
11,1.3237,0.14,0.01,10.302,-3.0,-2.0,-1.0
12,1.3437,0.115,-0.013,10.295,-1.0,-2.0,-1.0
13,1.3636,0.087,-0.004,10.355,-1.0,0.0,-1.0
14,1.3836,0.151,-0.03,10.339,0.0,1.0,-1.0
15,1.4035,0.13,-0.006,10.356,-1.0,0.0,0.0
16,1.4234,0.12,0.002,10.373,-2.0,-1.0,-1.0
17,1.4434,0.152,-0.037,10.351,-1.0,0.0,-1.0
18,1.4633,0.108,-0.017,10.348,0.0,1.0,0.0
18,1.4832,0.087,-0.001,10.348,-3.0,-2.0,0.0
19,1.5032,0.202,-0.018,10.22,0.0,-3.0,0.0
20,1.5231,0.11,-0.013,10.301,-1.0,-6.0,1.0
21,1.543,0.101,-0.04,10.349,-1.0,6.0,-1.0
22,1.563,0.151,-0.011,10.385,-1.0,1.0,1.0
23,1.5829,0.085,-0.007,10.314,1.0,-1.0,0.0
24,1.6029,0.091,-0.034,10.36,-1.0,0.0,0.0
25,1.6228,0.194,-0.002,10.295,0.0,0.0,0.0
26,1.6427,0.113,0.011,10.381,-1.0,-4.0,0.0
27,1.6627,0.098,-0.019,10.349,0.0,1.0,-1.0
27,1.6826,0.096,-0.024,10.376,1.0,0.0,-1.0
28,1.7026,0.096,-0.022,10.318,-2.0,-1.0,0.0
29,1.7225,0.123,-0.037,10.361,-1.0,1.0,-1.0
30,1.7425,0.126,0.01,10.333,1.0,1.0,0.0
31,1.7624,0.116,0.005,10.374,0.0,-1.0,-1.0
32,1.7823,0.138,-0.022,10.339,0.0,0.0,0.0
33,1.8023,0.117,-0.018,10.357,1.0,-2.0,0.0
34,1.8222,0.099,-0.008,10.338,-1.0,-1.0,0.0
35,1.8421,0.103,-0.029,10.337,-1.0,-2.0,1.0
36,1.8621,0.133,-0.025,10.343,0.0,-1.0,0.0
36,1.882,0.139,-0.007,10.347,0.0,1.0,1.0
37,1.902,0.148,0.001,10.349,0.0,-2.0,0.0
38,1.9239,0.114,-0.004,10.353,-1.0,-1.0,1.0
39,1.9438,0.096,-0.011,10.336,-1.0,0.0,-1.0
40,1.9638,0.103,-0.047,10.343,0.0,0.0,-1.0
41,1.9837,0.128,-0.006,10.345,0.0,1.0,0.0
42,2.0036,0.116,0.001,10.361,-1.0,-1.0,-1.0
43,2.0236,0.145,-0.03,10.347,0.0,-2.0,0.0
44,2.0435,0.129,-0.007,10.332,-1.0,1.0,0.0
45,2.0634,0.121,-0.001,10.354,0.0,2.0,0.0
45,2.0834,0.099,-0.017,10.342,0.0,0.0,1.0
46,2.1033,0.09,-0.001,10.356,-1.0,0.0,1.0
47,2.1232,0.122,-0.034,10.35,-1.0,1.0,0.0
48,2.1432,0.138,-0.032,10.339,1.0,-1.0,0.0
49,2.1631,0.117,-0.016,10.362,0.0,-1.0,1.0
50,2.183,0.12,-0.03,10.339,0.0,-2.0,-1.0
51,2.203,0.104,-0.019,10.343,0.0,0.0,0.0
52,2.2229,0.099,-0.008,10.339,-1.0,0.0,-1.0
53,2.2429,0.11,-0.013,10.356,-1.0,-1.0,0.0
54,2.2628,0.128,-0.006,10.372,0.0,-1.0,0.0
54,2.2828,0.146,-0.022,10.345,0.0,-1.0,-1.0
55,2.3027,0.135,-0.02,10.345,0.0,-1.0,-2.0
56,2.3227,0.115,-0.02,10.337,0.0,0.0,0.0
57,2.3426,0.093,-0.028,10.332,-1.0,-1.0,0.0
58,2.3625,0.095,-0.032,10.331,0.0,-1.0,0.0
59,2.3825,0.121,-0.023,10.373,0.0,-1.0,-1.0
60,2.4024,0.121,-0.008,10.344,0.0,0.0,0.0
61,2.4223,0.132,-0.008,10.356,-1.0,-1.0,0.0
62,2.4423,0.121,-0.019,10.355,0.0,0.0,-1.0
63,2.4622,0.114,-0.016,10.33,0.0,-1.0,-1.0
63,2.4821,0.119,-0.022,10.347,1.0,-1.0,0.0
64,2.5021,0.111,-0.017,10.345,0.0,0.0,0.0
65,2.522,0.121,-0.01,10.348,-1.0,-1.0,0.0
66,2.542,0.124,-0.017,10.347,0.0,0.0,1.0
67,2.5639,0.117,-0.007,10.37,1.0,1.0,0.0
68,2.5838,0.115,-0.028,10.32,-1.0,0.0,0.0
69,2.6038,0.108,-0.029,10.335,-1.0,0.0,-1.0
70,2.6237,0.105,-0.036,10.344,-1.0,-1.0,0.0
71,2.6437,0.139,-0.038,10.341,0.0,-1.0,-1.0
72,2.6636,0.134,0.004,10.368,0.0,-1.0,1.0
72,2.6836,0.116,-0.01,10.364,0.0,0.0,1.0
73,2.7035,0.113,-0.023,10.341,0.0,-1.0,0.0
74,2.7234,0.113,-0.018,10.348,-1.0,2.0,0.0
75,2.7434,0.109,-0.028,10.333,1.0,0.0,-1.0
76,2.7633,0.104,-0.014,10.356,0.0,-1.0,0.0
77,2.7832,0.13,-0.026,10.341,0.0,-2.0,0.0
78,2.8032,0.144,-0.028,10.361,0.0,0.0,0.0
79,2.8231,0.117,-0.019,10.339,1.0,0.0,0.0
80,2.8431,0.102,-0.018,10.354,2.0,0.0,0.0
81,2.863,0.108,-0.02,10.344,0.0,0.0,0.0
81,2.883,0.098,-0.023,10.349,1.0,-1.0,1.0
82,2.9029,0.113,-0.01,10.342,-1.0,-1.0,1.0
83,2.9229,0.123,-0.008,10.356,-2.0,-1.0,0.0
84,2.9428,0.132,-0.001,10.351,1.0,-1.0,-2.0
85,2.9627,0.104,-0.016,10.36,1.0,0.0,0.0
86,2.9827,0.109,-0.026,10.326,0.0,0.0,1.0
87,3.0026,0.111,-0.007,10.337,-2.0,0.0,0.0
88,3.0225,0.116,-0.012,10.339,0.0,0.0,0.0
89,3.0425,0.13,-0.031,10.357,0.0,-1.0,0.0
90,3.0624,0.133,-0.034,10.332,1.0,0.0,1.0
90,3.0824,0.115,-0.019,10.351,1.0,2.0,0.0
91,3.1023,0.114,-0.008,10.342,1.0,0.0,-1.0
92,3.1222,0.111,-0.024,10.336,2.0,-1.0,0.0
93,3.1422,0.12,-0.013,10.354,0.0,-1.0,1.0
94,3.1621,0.115,-0.006,10.348,-1.0,-1.0,1.0
95,3.1821,0.115,-0.004,10.363,-1.0,-2.0,1.0
96,3.202,0.122,-0.008,10.339,1.0,-2.0,-1.0
97,3.222,0.121,-0.024,10.335,1.0,-1.0,-1.0
98,3.2439,0.105,-0.022,10.343,1.0,0.0,-1.0
99,3.2638,0.111,-0.008,10.339,0.0,-1.0,-1.0
99,3.2837,0.121,0.0,10.35,-1.0,1.0,0.0
100,3.3037,0.124,-0.017,10.349,-1.0,-1.0,1.0
101,3.3236,0.115,-0.01,10.37,-1.0,0.0,0.0
102,3.3436,0.13,-0.013,10.344,0.0,0.0,0.0
103,3.3635,0.117,-0.005,10.344,0.0,-1.0,1.0
104,3.3834,0.123,-0.023,10.353,-1.0,0.0,0.0
105,3.4034,0.105,-0.029,10.339,0.0,-1.0,-1.0
106,3.4233,0.124,-0.02,10.363,-1.0,-1.0,0.0
107,3.4433,0.134,-0.007,10.357,0.0,-1.0,0.0
108,3.4632,0.122,-0.011,10.353,0.0,1.0,0.0
108,3.4832,0.103,-0.006,10.354,1.0,0.0,0.0
109,3.5031,0.093,-0.014,10.356,0.0,-1.0,0.0
110,3.523,0.107,0.001,10.344,0.0,-1.0,0.0
111,3.543,0.115,-0.023,10.339,0.0,-2.0,0.0
112,3.5629,0.13,-0.023,10.351,-1.0,0.0,1.0
113,3.5829,0.124,-0.008,10.345,0.0,-1.0,0.0
114,3.6028,0.124,-0.014,10.35,0.0,0.0,0.0
115,3.6228,0.11,-0.01,10.337,1.0,0.0,0.0
116,3.6427,0.09,-0.013,10.36,-1.0,-1.0,0.0
117,3.6627,0.119,-0.017,10.351,-1.0,-1.0,1.0
117,3.6826,0.115,-0.018,10.336,-1.0,0.0,1.0
118,3.7025,0.129,-0.017,10.355,0.0,-1.0,0.0
119,3.7225,0.124,-0.031,10.339,-1.0,0.0,-1.0
120,3.7424,0.113,-0.002,10.354,-1.0,0.0,0.0
121,3.7624,0.109,-0.028,10.351,-1.0,0.0,0.0
122,3.7823,0.104,-0.019,10.357,-2.0,-1.0,-1.0
123,3.8023,0.105,-0.02,10.368,0.0,-1.0,0.0
124,3.8222,0.117,-0.008,10.35,-1.0,-2.0,0.0
125,3.8421,0.115,-0.02,10.332,-1.0,0.0,1.0
126,3.8621,0.111,-0.031,10.333,-1.0,-1.0,0.0
126,3.882,0.115,-0.017,10.348,1.0,0.0,0.0
127,3.902,0.102,-0.02,10.348,-2.0,0.0,0.0
128,3.9239,0.103,-0.023,10.345,-1.0,-1.0,0.0
129,3.9438,0.117,-0.005,10.345,0.0,1.0,-1.0
130,3.9638,0.117,-0.004,10.362,0.0,-1.0,-1.0
131,3.9837,0.05,-0.08,10.351,1.0,-1.0,-20.0
132,4.0037,0.109,-0.057,10.341,-1.0,1.0,-28.0
133,4.0236,0.174,0.072,10.35,-1.0,-1.0,-16.0
134,4.0436,0.129,-0.005,10.354,0.0,3.0,-2.0
135,4.0635,0.129,-0.018,10.345,1.0,-2.0,-2.0
135,4.0834,0.129,0.0,10.356,0.0,3.0,-3.0
136,4.1034,0.103,-0.018,10.359,0.0,0.0,-2.0
137,4.1233,0.134,0.014,10.359,1.0,2.0,-2.0
138,4.1433,0.111,-0.02,10.339,-1.0,0.0,0.0
139,4.1632,0.109,-0.026,10.342,0.0,0.0,-1.0
140,4.1832,0.104,-0.011,10.344,0.0,0.0,1.0
141,4.2031,0.116,-0.01,10.347,-1.0,-2.0,0.0
142,4.223,0.078,-0.028,10.344,0.0,-4.0,-5.0
143,4.243,0.145,-0.023,10.337,0.0,-11.0,-10.0
144,4.2629,0.098,0.006,10.344,0.0,-2.0,-2.0
144,4.2829,0.117,-0.022,10.335,-1.0,0.0,-1.0
145,4.3028,0.122,-0.017,10.323,-2.0,-2.0,0.0
146,4.3227,0.119,-0.007,10.354,0.0,2.0,0.0
147,4.3427,0.108,-0.025,10.336,-1.0,3.0,2.0
148,4.3626,0.133,-0.026,10.339,-2.0,-2.0,2.0
149,4.3826,0.127,-0.007,10.359,0.0,0.0,-1.0
150,4.4025,0.129,0.001,10.344,0.0,-2.0,0.0
151,4.4225,0.13,-0.026,10.347,2.0,7.0,0.0
152,4.4424,0.101,-0.026,10.336,-2.0,7.0,-1.0
153,4.4623,0.053,-0.026,10.33,4.0,-7.0,10.0
153,4.4823,0.215,0.005,10.345,2.0,6.0,0.0
154,4.5022,0.123,-0.041,10.339,1.0,3.0,0.0
155,4.5221,0.057,-0.034,10.369,7.0,-8.0,-6.0
156,4.5421,0.098,-0.151,10.351,6.0,1.0,-24.0
157,4.562,0.136,-0.073,10.363,10.0,-6.0,-81.0
158,4.582,0.119,-0.026,10.356,27.0,-30.0,-95.0
159,4.6039,0.134,-0.011,10.369,27.0,-32.0,-96.0
160,4.6238,0.178,-0.144,10.478,75.0,-51.0,-124.0
161,4.6437,0.121,-0.107,10.555,241.0,-35.0,-52.0
162,4.6637,0.193,0.304,10.32,345.0,35.0,63.0
162,4.6836,0.113,0.379,10.268,309.0,1.0,74.0
163,4.7036,0.202,0.327,10.141,199.0,32.0,46.0
164,4.7235,0.044,0.202,10.42,136.0,26.0,29.0
165,4.7435,0.024,0.103,10.555,220.0,-16.0,47.0
166,4.7634,0.136,0.415,10.347,335.0,-35.0,85.0
167,4.7834,0.209,0.509,10.116,253.0,-17.0,86.0
168,4.8033,0.237,0.611,10.167,141.0,45.0,55.0
169,4.8232,0.067,0.468,10.405,118.0,45.0,50.0
170,4.8432,0.12,0.311,10.558,202.0,14.0,61.0
171,4.8631,0.136,0.447,10.467,343.0,-3.0,30.0
171,4.883,0.067,0.557,10.46,424.0,-30.0,35.0
172,4.903,0.078,0.802,10.251,451.0,-39.0,54.0
173,4.9229,0.081,0.82,10.364,445.0,-34.0,78.0
174,4.9429,0.144,0.991,10.252,458.0,-43.0,95.0
175,4.9628,0.17,1.012,10.27,440.0,-62.0,67.0
176,4.9828,0.229,1.123,10.202,404.0,-71.0,57.0
177,5.0027,0.211,1.196,10.24,396.0,-71.0,53.0
178,5.0226,0.182,1.198,10.354,408.0,-77.0,30.0
179,5.0426,0.287,1.39,10.25,463.0,-84.0,42.0
180,5.0625,0.291,1.399,10.244,483.0,-92.0,38.0
180,5.0825,0.269,1.603,10.137,471.0,-85.0,45.0
181,5.1024,0.243,1.586,10.166,436.0,-88.0,42.0
182,5.1223,0.271,1.706,10.181,413.0,-99.0,22.0
183,5.1423,0.372,1.755,10.264,462.0,-112.0,24.0
184,5.1622,0.249,1.818,10.257,519.0,-131.0,22.0
185,5.1821,0.379,2.036,10.118,542.0,-145.0,16.0
186,5.2021,0.431,2.133,10.101,556.0,-138.0,34.0
187,5.222,0.429,2.298,9.984,555.0,-129.0,53.0
188,5.242,0.498,2.484,9.917,521.0,-129.0,42.0
189,5.2639,0.558,2.693,9.849,438.0,-111.0,46.0
189,5.2838,0.564,2.614,10.017,422.0,-119.0,36.0
190,5.3038,0.432,2.442,9.983,484.0,-139.0,46.0
191,5.3237,0.546,2.737,9.893,407.0,-161.0,44.0
192,5.3436,0.575,2.822,9.838,353.0,-196.0,4.0
193,5.3636,0.636,2.914,9.774,293.0,-201.0,19.0
194,5.3835,0.949,3.104,9.574,246.0,-84.0,57.0
195,5.4034,0.674,3.206,9.546,175.0,167.0,110.0
196,5.4234,0.735,2.95,9.823,-19.0,-22.0,77.0
197,5.4433,0.68,2.914,9.9,2.0,-6.0,43.0
198,5.4633,0.748,2.897,10.076,81.0,-51.0,41.0
198,5.4832,0.599,2.977,10.048,201.0,-114.0,106.0
199,5.5031,0.508,3.178,9.901,204.0,-383.0,86.0
200,5.5231,0.697,3.017,9.993,140.0,-593.0,37.0
201,5.543,0.857,3.001,9.914,222.0,-647.0,38.0
202,5.563,1.271,3.279,9.571,259.0,-749.0,21.0
203,5.5829,1.312,3.147,9.597,170.0,-708.0,-30.0
204,5.6029,1.439,3.455,9.44,127.0,-689.0,-54.0
205,5.6228,1.496,3.751,9.41,143.0,-662.0,-96.0
206,5.6427,1.609,3.455,9.133,205.0,-636.0,-148.0
207,5.6627,1.972,3.458,9.208,314.0,-453.0,-49.0
207,5.6826,1.715,2.886,9.73,234.0,-210.0,46.0
208,5.7025,2.417,3.864,9.549,207.0,-266.0,80.0
209,5.7225,1.859,3.876,9.179,251.0,-225.0,62.0
210,5.7424,1.79,3.139,9.706,268.0,-163.0,-12.0
211,5.7623,1.966,3.354,9.716,237.0,-287.0,-26.0
212,5.7823,1.913,3.657,9.428,290.0,-264.0,-11.0
213,5.8022,2.189,3.804,9.443,385.0,-272.0,-53.0
214,5.8221,2.132,3.681,9.069,520.0,-249.0,-60.0
215,5.8421,2.495,3.686,10.167,572.0,-105.0,-21.0
216,5.862,2.156,4.219,8.708,554.0,-136.0,4.0
216,5.882,2.189,4.09,9.327,444.0,-119.0,1.0
217,5.9039,2.301,4.517,8.912,405.0,-148.0,1.0
218,5.9238,2.231,4.362,9.044,466.0,-243.0,-16.0
219,5.9438,2.227,4.311,8.888,456.0,-317.0,-47.0
220,5.9637,2.367,4.114,8.933,430.0,-328.0,-53.0
221,5.9837,2.49,4.293,8.932,415.0,-215.0,-28.0
222,6.0036,2.49,4.565,8.583,385.0,-181.0,-52.0
223,6.0236,2.314,4.614,8.644,441.0,-47.0,-47.0
224,6.0435,2.428,4.634,8.961,558.0,-56.0,-52.0
225,6.0634,1.948,4.986,8.645,615.0,-29.0,-58.0
225,6.0834,2.189,4.742,9.014,514.0,-306.0,-140.0
226,6.1033,2.591,5.169,8.82,518.0,-430.0,-146.0
227,6.1232,2.853,5.315,8.401,524.0,-386.0,-145.0
228,6.1432,2.617,5.037,8.207,527.0,-189.0,-119.0
229,6.1631,2.62,5.235,7.963,547.0,-193.0,-96.0
230,6.183,2.771,5.341,8.168,606.0,-256.0,-68.0
231,6.203,2.978,5.632,8.183,638.0,-231.0,-49.0
232,6.2229,2.713,5.604,8.301,591.0,-301.0,-81.0
233,6.2429,2.656,5.68,8.101,568.0,-145.0,-67.0
234,6.2628,2.693,5.799,8.068,520.0,-196.0,-70.0
234,6.2827,2.716,5.742,7.773,429.0,-50.0,-87.0
235,6.3027,2.635,6.056,7.604,397.0,-106.0,-82.0
236,6.3226,2.765,6.106,7.757,372.0,-150.0,-89.0
237,6.3426,2.862,5.659,7.675,255.0,-76.0,-43.0
238,6.3625,2.794,5.764,7.35,208.0,-31.0,3.0
239,6.3825,2.811,6.129,7.415,126.0,-152.0,18.0
240,6.4024,2.901,5.934,7.898,-3.0,-192.0,13.0
241,6.4223,2.823,6.22,7.598,75.0,38.0,13.0
242,6.4423,2.855,6.376,7.284,238.0,-44.0,-30.0
243,6.4622,2.919,6.33,7.468,355.0,-196.0,-83.0
243,6.4821,2.956,6.182,7.831,368.0,-235.0,-68.0
244,6.5021,3.041,6.235,7.542,359.0,-78.0,-33.0
245,6.522,2.829,6.263,7.069,326.0,-53.0,-36.0
246,6.542,2.848,6.223,7.045,325.0,-145.0,-31.0
247,6.5619,2.92,6.361,7.254,325.0,-163.0,-32.0
248,6.5839,2.993,6.694,7.282,346.0,-144.0,-38.0
249,6.6038,2.934,6.567,7.345,387.0,-173.0,-64.0
250,6.6237,3.011,6.431,7.433,328.0,-150.0,-39.0
251,6.6437,3.176,6.92,7.053,327.0,-34.0,-39.0
252,6.6636,2.994,6.896,6.711,441.0,-129.0,-99.0
252,6.6836,2.983,6.748,6.747,438.0,-211.0,-119.0
253,6.7035,3.054,6.846,6.622,472.0,-175.0,-127.0
254,6.7234,2.897,6.829,6.503,440.0,-156.0,-89.0
255,6.7434,3.001,6.98,6.518,365.0,-135.0,-69.0
256,6.7633,3.102,7.257,6.505,293.0,-108.0,-67.0
257,6.7832,3.1,7.19,6.448,216.0,-86.0,-64.0
258,6.8032,3.146,7.269,6.476,274.0,-125.0,-54.0
259,6.8231,3.201,7.403,6.539,306.0,-175.0,-87.0
260,6.843,3.023,7.203,6.561,228.0,-148.0,-111.0
261,6.863,2.986,7.161,6.389,147.0,-71.0,-95.0
261,6.8829,2.759,6.942,6.054,59.0,7.0,-81.0
262,6.9029,2.898,7.098,6.184,-1.0,-61.0,-58.0
263,6.9228,3.103,7.154,6.425,21.0,-61.0,-59.0
264,6.9428,3.159,7.268,6.506,80.0,-50.0,-58.0
265,6.9627,3.035,7.214,6.497,54.0,-59.0,-52.0
266,6.9827,2.962,7.14,6.367,-6.0,-18.0,-27.0
267,7.0026,2.889,7.003,6.16,-2.0,10.0,-7.0
268,7.0225,2.96,7.199,6.043,60.0,-23.0,-8.0
269,7.0425,3.086,7.446,6.335,119.0,-110.0,-20.0
270,7.0624,3.142,7.56,6.602,159.0,-128.0,-33.0
270,7.0823,3.112,7.433,6.637,70.0,-54.0,-30.0
271,7.1023,3.043,7.24,6.348,-60.0,43.0,-11.0
272,7.1222,3.024,7.221,5.978,-126.0,68.0,10.0
273,7.1421,2.899,7.199,5.816,-130.0,-12.0,17.0
274,7.1621,2.911,7.095,6.013,-75.0,-113.0,59.0
275,7.182,3.045,7.428,6.226,-36.0,-68.0,66.0
276,7.202,3.14,7.311,6.438,-93.0,-40.0,36.0
277,7.2239,3.019,7.209,6.462,-150.0,60.0,72.0
278,7.2438,3.183,7.195,6.285,-226.0,127.0,98.0
279,7.2637,3.092,7.171,6.127,-195.0,99.0,79.0
279,7.2837,3.185,7.263,6.281,-189.0,-5.0,65.0
280,7.3036,3.11,7.171,6.438,-122.0,-56.0,13.0
281,7.3236,3.232,7.102,6.776,-109.0,-88.0,-42.0
282,7.3435,3.185,7.081,6.752,-125.0,-10.0,-40.0
283,7.3635,3.085,7.076,6.48,-92.0,-20.0,-23.0
284,7.3834,3.109,7.128,6.692,-177.0,-97.0,5.0
285,7.4034,3.14,6.896,6.965,-450.0,-32.0,63.0
286,7.4233,3.221,7.236,6.841,-829.0,109.0,143.0
287,7.4432,3.078,6.786,6.503,-1082.0,165.0,196.0
288,7.4632,2.848,6.555,6.177,-859.0,171.0,147.0
288,7.4831,3.23,6.742,6.84,-711.0,-45.0,112.0
289,7.503,3.322,6.608,7.348,-709.0,-4.0,134.0
290,7.523,3.217,6.269,7.394,-834.0,106.0,193.0
291,7.5429,3.146,6.201,7.257,-850.0,123.0,224.0
292,7.5629,3.309,6.275,7.527,-999.0,60.0,274.0
293,7.5828,3.299,6.142,7.541,-1263.0,198.0,326.0
294,7.6027,3.023,5.567,7.202,-1336.0,255.0,338.0
295,7.6227,3.041,5.505,7.524,-1195.0,157.0,315.0
296,7.6426,3.29,4.876,8.539,-1212.0,87.0,349.0
297,7.6625,3.506,5.018,8.759,-1436.0,329.0,431.0
297,7.6825,3.184,4.951,8.059,-1412.0,463.0,408.0
298,7.7024,3.272,4.654,8.23,-1329.0,204.0,375.0
299,7.7224,3.455,4.343,8.91,-1300.0,85.0,352.0
300,7.7423,3.363,3.909,9.005,-1274.0,202.0,371.0
301,7.7622,3.231,3.399,8.891,-1200.0,136.0,392.0
302,7.7822,3.08,3.43,8.789,-1127.0,131.0,378.0
303,7.8021,3.187,3.233,9.42,-1053.0,10.0,312.0
304,7.8221,3.448,3.224,9.633,-918.0,114.0,250.0
305,7.842,3.172,3.002,9.179,-685.0,207.0,143.0
306,7.8619,3.073,2.527,9.39,-685.0,27.0,157.0
306,7.8839,3.419,2.598,9.616,-708.0,113.0,183.0
307,7.9038,3.138,2.233,9.24,-834.0,229.0,211.0
308,7.9237,3.001,2.03,9.213,-946.0,143.0,273.0
309,7.9437,3.072,1.936,9.324,-983.0,151.0,278.0
310,7.9636,2.896,1.507,9.064,-841.0,173.0,278.0
311,7.9836,2.857,1.16,9.379,-671.0,-2.0,325.0
312,8.0035,3.209,1.36,9.963,-746.0,15.0,395.0
313,8.0234,3.389,1.421,10.166,-878.0,136.0,382.0
314,8.0434,3.244,1.247,9.936,-873.0,218.0,348.0
315,8.0633,3.171,0.877,9.863,-802.0,128.0,295.0
315,8.0832,3.152,0.308,10.123,-782.0,77.0,297.0
316,8.1032,3.365,0.306,10.511,-929.0,132.0,414.0
317,8.1231,3.348,0.627,10.165,-1089.0,349.0,449.0
318,8.143,3.095,0.174,9.681,-1092.0,310.0,414.0
319,8.163,2.58,-0.48,9.382,-1009.0,237.0,410.0
320,8.1829,2.659,-0.657,9.712,-1006.0,102.0,466.0
321,8.2029,2.794,-0.463,9.675,-1048.0,229.0,531.0
322,8.2228,3.029,-0.597,9.998,-1079.0,119.0,468.0
323,8.2427,2.988,-1.25,10.214,-1079.0,249.0,448.0
324,8.2627,2.685,-1.349,9.784,-1060.0,343.0,459.0
324,8.2826,2.618,-1.373,9.699,-1111.0,237.0,468.0
325,8.3025,2.705,-1.539,9.986,-1006.0,136.0,390.0
326,8.3225,2.631,-1.955,10.027,-775.0,180.0,301.0
327,8.3424,2.604,-1.924,10.153,-386.0,18.0,147.0
328,8.3623,2.685,-2.053,10.318,-345.0,21.0,127.0
329,8.3823,2.655,-2.106,10.08,-486.0,112.0,168.0
330,8.4022,2.282,-2.602,9.521,-599.0,232.0,212.0
331,8.4221,2.055,-2.653,8.908,-581.0,213.0,252.0
332,8.4421,2.037,-2.498,8.976,-511.0,5.0,239.0
333,8.462,2.514,-2.66,9.922,-486.0,-127.0,205.0
333,8.482,2.741,-3.039,10.463,-556.0,-24.0,236.0
334,8.5039,2.498,-3.345,10.139,-620.0,158.0,289.0
335,8.5238,2.266,-3.235,9.517,-697.0,159.0,328.0
336,8.5438,2.028,-3.114,8.857,-664.0,115.0,329.0
337,8.5637,1.964,-3.312,8.832,-558.0,-95.0,281.0
338,8.5836,2.33,-3.339,9.527,-568.0,-213.0,265.0
339,8.6036,2.381,-3.288,9.516,-559.0,-18.0,231.0
340,8.6235,2.093,-3.634,9.291,-521.0,21.0,181.0
341,8.6434,2.105,-3.953,9.512,-630.0,-64.0,208.0
342,8.6634,2.161,-4.306,9.791,-799.0,-5.0,300.0
342,8.6833,2.228,-4.281,9.657,-923.0,127.0,392.0
343,8.7032,2.315,-4.16,9.175,-837.0,178.0,359.0
344,8.7232,2.212,-4.049,8.926,-691.0,53.0,280.0
345,8.7431,2.121,-4.204,9.225,-713.0,-58.0,241.0
346,8.763,1.833,-4.873,9.194,-848.0,54.0,271.0
347,8.783,1.52,-4.986,8.515,-654.0,163.0,219.0
348,8.8029,1.55,-4.902,8.39,-490.0,-34.0,151.0
349,8.8229,1.389,-5.182,8.338,-452.0,-18.0,118.0
350,8.8428,1.668,-5.52,8.679,-479.0,-38.0,161.0
351,8.8627,1.676,-5.395,8.379,-538.0,129.0,224.0
351,8.8827,1.58,-5.319,7.909,-664.0,143.0,248.0
352,8.9026,1.696,-5.236,7.848,-809.0,-9.0,228.0
353,8.9225,1.725,-5.885,8.739,-858.0,-230.0,120.0
354,8.9425,2.215,-6.194,9.33,-875.0,119.0,131.0
355,8.9624,2.071,-6.391,8.927,-775.0,358.0,167.0
356,8.9823,1.775,-6.786,8.462,-805.0,342.0,241.0
357,9.0023,1.548,-6.5,7.572,-711.0,404.0,277.0
358,9.0222,1.32,-6.215,6.888,-516.0,147.0,182.0
359,9.0421,1.474,-6.488,7.738,-403.0,-192.0,128.0
360,9.0621,1.636,-6.662,8.345,-287.0,-90.0,152.0
360,9.082,1.696,-6.213,7.964,-260.0,50.0,159.0
361,9.102,1.469,-6.163,7.458,-391.0,87.0,157.0
362,9.1239,1.234,-6.591,7.332,-515.0,33.0,153.0
363,9.1438,1.432,-6.75,7.798,-598.0,-44.0,174.0
364,9.1637,1.411,-7.277,8.131,-646.0,33.0,225.0
365,9.1837,1.462,-6.895,7.696,-730.0,221.0,285.0
366,9.2036,1.158,-7.18,7.056,-896.0,247.0,283.0
367,9.2236,0.962,-7.463,7.071,-911.0,156.0,324.0
368,9.2435,0.915,-7.44,6.928,-936.0,211.0,403.0
369,9.2634,0.921,-7.538,7.16,-1313.0,219.0,528.0
369,9.2834,0.854,-8.256,6.979,-1712.0,449.0,687.0
370,9.3033,0.737,-7.28,5.523,-1614.0,731.0,640.0
371,9.3233,0.597,-7.61,5.078,-1704.0,403.0,459.0
372,9.3432,0.041,-8.455,5.631,-1280.0,-100.0,281.0
373,9.3631,0.448,-8.51,6.183,-546.0,-147.0,210.0
374,9.3831,0.278,-8.375,6.321,-443.0,-169.0,269.0
375,9.403,0.679,-7.806,6.239,-653.0,191.0,334.0
376,9.423,0.504,-8.426,5.546,-743.0,393.0,322.0
377,9.4429,0.109,-8.265,4.63,-658.0,320.0,223.0
378,9.4628,-0.05,-8.649,4.743,-616.0,57.0,101.0
378,9.4828,-0.229,-9.626,5.248,-672.0,-125.0,125.0
379,9.5027,-0.189,-9.454,5.116,-749.0,126.0,210.0
380,9.5227,-0.196,-9.127,4.763,-939.0,150.0,238.0
381,9.5426,-0.213,-8.991,4.42,-876.0,191.0,195.0
382,9.5625,-0.204,-8.908,4.256,-808.0,106.0,146.0
383,9.5825,-0.274,-9.468,4.057,-796.0,86.0,139.0
384,9.6024,-0.347,-9.088,3.704,-600.0,119.0,143.0
385,9.6223,-0.294,-8.82,3.706,-392.0,-54.0,55.0
386,9.6423,-0.19,-9.19,3.869,-394.0,-90.0,8.0
387,9.6622,-0.212,-9.404,4.064,-550.0,-61.0,38.0
387,9.6821,-0.184,-9.822,4.173,-579.0,-20.0,78.0
388,9.7021,-0.347,-9.916,3.794,-541.0,121.0,149.0
389,9.722,-0.291,-9.044,3.263,-474.0,166.0,164.0
390,9.742,-0.439,-9.087,3.072,-362.0,49.0,96.0
391,9.7639,-0.425,-9.272,3.259,-235.0,-15.0,35.0
392,9.7838,-0.364,-9.495,3.46,-206.0,-28.0,13.0
393,9.8038,-0.432,-9.518,3.205,-190.0,98.0,18.0
394,9.8237,-0.705,-9.634,2.956,-183.0,138.0,26.0
395,9.8436,-0.52,-9.288,3.045,-245.0,-69.0,11.0
396,9.8636,-0.42,-9.515,3.437,-165.0,-105.0,-13.0
396,9.8835,-0.3,-9.477,3.336,-114.0,20.0,-20.0
397,9.9034,-0.285,-9.432,2.98,-142.0,71.0,-85.0
398,9.9234,-0.474,-9.868,2.944,-71.0,25.0,-71.0
399,9.9433,-0.472,-9.486,2.98,28.0,-60.0,-70.0
400,9.9632,-0.328,-9.312,3.096,156.0,-106.0,-104.0
401,9.9832,-0.241,-9.369,3.033,211.0,-20.0,-188.0
402,10.0031,-0.114,-9.567,3.108,253.0,-66.0,-258.0
403,10.023,-0.224,-9.451,3.318,193.0,-120.0,-218.0
404,10.043,-0.013,-9.495,3.385,23.0,-29.0,-64.0
405,10.0629,-0.068,-9.295,3.266,-97.0,64.0,-37.0
405,10.0829,-0.129,-9.498,3.285,-123.0,-30.0,-48.0
406,10.1028,-0.096,-9.519,3.321,-102.0,-19.0,-63.0
407,10.1227,-0.209,-9.771,3.259,-6.0,-2.0,-82.0
408,10.1427,-0.007,-9.391,3.209,70.0,-31.0,-118.0
409,10.1626,0.0,-9.543,3.077,79.0,-41.0,-132.0
410,10.1825,-0.275,-9.602,2.958,48.0,49.0,-72.0
411,10.2025,-0.187,-9.471,2.898,-61.0,-16.0,-65.0
412,10.2224,-0.14,-9.547,3.066,-86.0,-54.0,-56.0
413,10.2424,0.024,-9.606,3.28,-22.0,-72.0,-48.0
414,10.2623,0.17,-9.598,3.449,3.0,-85.0,-58.0
414,10.2823,0.413,-9.758,3.675,-13.0,-156.0,-113.0
415,10.3022,0.57,-9.335,3.51,47.0,-113.0,-309.0
416,10.3221,0.163,-9.495,3.554,12.0,-230.0,-117.0
417,10.3421,0.03,-9.252,2.855,96.0,63.0,-39.0
418,10.362,-0.111,-9.26,2.157,227.0,57.0,-10.0
419,10.3819,-0.187,-9.999,2.798,48.0,-377.0,95.0
420,10.4039,0.493,-9.923,3.747,-204.0,-181.0,98.0
421,10.4238,0.399,-9.301,3.4,-187.0,117.0,-3.0
422,10.4437,0.372,-9.328,3.0,-91.0,-97.0,-146.0
423,10.4637,0.388,-9.706,2.841,78.0,-154.0,-315.0
423,10.4836,0.493,-9.105,2.762,438.0,-454.0,-725.0
424,10.5036,0.353,-8.72,3.463,859.0,-560.0,-963.0
425,10.5235,0.718,-8.923,4.031,865.0,-580.0,-875.0
426,10.5434,0.825,-9.199,4.136,849.0,-309.0,-626.0
427,10.5634,0.936,-9.401,3.709,741.0,-95.0,-349.0
428,10.5833,0.636,-9.823,3.482,346.0,-178.0,-204.0
429,10.6032,0.953,-9.626,3.888,-2.0,-242.0,-9.0
430,10.6232,1.32,-9.281,4.256,11.0,-214.0,-51.0
431,10.6431,1.697,-8.829,4.404,288.0,-172.0,-325.0
432,10.663,1.769,-8.88,4.117,658.0,-141.0,-714.0
432,10.683,1.326,-8.759,3.695,713.0,-171.0,-914.0
433,10.7029,1.173,-8.526,3.79,915.0,-302.0,-917.0
434,10.7229,1.548,-8.972,4.597,887.0,-479.0,-769.0
435,10.7428,2.285,-8.948,5.26,706.0,-353.0,-493.0
436,10.7627,2.327,-9.088,5.007,387.0,4.0,-271.0
437,10.7827,2.186,-8.909,4.755,459.0,-75.0,-260.0
438,10.8026,2.278,-8.535,4.769,534.0,-177.0,-405.0
439,10.8225,2.783,-8.303,5.224,708.0,-306.0,-641.0
440,10.8425,2.513,-8.162,5.144,728.0,-224.0,-760.0
441,10.8624,2.58,-8.424,5.114,728.0,-281.0,-763.0
441,10.8823,2.409,-8.284,5.254,826.0,-294.0,-696.0
442,10.9023,2.782,-7.999,5.455,869.0,-216.0,-645.0
443,10.9222,2.97,-8.03,5.595,849.0,-154.0,-632.0
444,10.9421,3.274,-7.883,5.687,746.0,-182.0,-656.0
445,10.9621,3.123,-7.822,5.689,659.0,-212.0,-627.0
446,10.982,3.44,-7.688,5.837,620.0,-200.0,-607.0
447,11.002,3.485,-7.535,5.817,761.0,-168.0,-640.0
448,11.0239,3.433,-7.214,5.732,859.0,-222.0,-676.0
449,11.0438,4.08,-7.108,5.946,838.0,-425.0,-820.0
450,11.0638,4.24,-7.116,6.559,779.0,-622.0,-849.0
450,11.0837,4.246,-6.744,6.542,643.0,-363.0,-791.0
451,11.1036,4.076,-6.777,6.633,642.0,-212.0,-737.0
452,11.1236,4.494,-6.491,6.613,647.0,-151.0,-675.0
453,11.1435,4.557,-6.432,6.485,741.0,63.0,-743.0
454,11.1635,4.339,-6.88,6.188,873.0,11.0,-770.0
455,11.1834,4.281,-6.434,6.159,850.0,-12.0,-742.0
456,11.2034,4.47,-5.933,6.493,868.0,-113.0,-712.0
457,11.2233,4.97,-5.307,7.19,870.0,-121.0,-707.0
458,11.2432,5.17,-5.286,7.414,984.0,-24.0,-759.0
459,11.2632,5.376,-4.951,7.405,969.0,0.0,-809.0
459,11.2831,5.3,-4.924,7.539,978.0,-123.0,-869.0
460,11.3031,5.465,-4.355,7.772,974.0,-46.0,-922.0
461,11.323,5.537,-4.507,7.689,1042.0,22.0,-968.0
462,11.343,5.483,-4.26,7.586,984.0,-49.0,-1023.0
463,11.3629,6.026,-3.733,7.985,1056.0,-135.0,-1066.0
464,11.3829,5.805,-3.522,7.726,1042.0,-19.0,-1111.0
465,11.4028,5.612,-3.395,7.307,982.0,-82.0,-1134.0
466,11.4227,5.738,-3.409,7.615,881.0,-314.0,-1088.0
467,11.4427,6.258,-2.824,8.079,749.0,-422.0,-950.0
468,11.4626,6.476,-2.234,8.25,785.0,-169.0,-988.0
468,11.4825,6.274,-2.181,7.848,897.0,-113.0,-1123.0
469,11.5025,6.251,-2.195,8.047,908.0,-175.0,-1102.0
470,11.5224,6.059,-1.991,7.927,738.0,8.0,-923.0
471,11.5424,5.997,-1.267,7.503,663.0,63.0,-854.0
472,11.5623,6.199,-1.198,7.737,670.0,-139.0,-872.0
473,11.5822,6.472,-0.948,7.897,716.0,-328.0,-911.0
474,11.6022,6.643,-0.517,8.107,841.0,-82.0,-986.0
475,11.6221,6.415,-0.356,7.696,850.0,64.0,-1015.0
476,11.6421,6.227,-0.593,7.629,809.0,-42.0,-968.0
477,11.662,6.348,-0.19,7.672,746.0,-47.0,-891.0
477,11.6819,6.578,0.187,8.018,692.0,-116.0,-839.0
478,11.7039,6.682,0.646,8.074,700.0,-18.0,-866.0
479,11.7238,6.703,0.857,8.043,757.0,-16.0,-946.0
480,11.7437,6.691,0.617,8.163,795.0,-42.0,-941.0
481,11.7637,6.513,0.867,7.969,656.0,44.0,-831.0
482,11.7836,6.493,1.398,7.891,688.0,-24.0,-844.0
483,11.8036,6.43,1.565,7.818,756.0,-4.0,-919.0
484,11.8235,6.348,1.574,7.845,764.0,-40.0,-930.0
485,11.8434,6.339,1.96,7.743,726.0,15.0,-883.0
486,11.8634,6.217,2.169,7.671,649.0,-12.0,-835.0
486,11.8833,6.213,2.245,7.728,679.0,-45.0,-829.0
487,11.9032,6.299,2.914,7.77,748.0,-24.0,-857.0
488,11.9232,6.272,3.424,7.618,796.0,42.0,-971.0
489,11.9431,6.164,3.339,7.49,740.0,37.0,-1047.0
490,11.963,6.017,3.417,7.484,636.0,-60.0,-1015.0
491,11.983,5.922,3.632,7.524,589.0,-40.0,-945.0
492,12.0029,6.012,4.043,7.393,559.0,40.0,-925.0
493,12.0229,5.893,3.885,7.333,670.0,-35.0,-1036.0
494,12.0428,6.069,3.715,7.582,686.0,-74.0,-1043.0
495,12.0627,5.6,4.013,7.391,480.0,73.0,-833.0
495,12.0827,5.529,4.545,7.101,520.0,73.0,-749.0
496,12.1026,5.352,5.12,7.071,611.0,4.0,-815.0
497,12.1225,5.301,5.036,7.207,704.0,-48.0,-875.0
498,12.1425,5.295,5.531,7.16,743.0,6.0,-872.0
499,12.1624,5.092,5.448,6.95,640.0,23.0,-826.0
500,12.1823,4.975,5.38,6.989,475.0,-40.0,-655.0
501,12.2023,4.962,5.638,6.774,403.0,24.0,-569.0
502,12.2222,4.942,5.595,6.621,416.0,45.0,-575.0
503,12.2421,5.028,5.684,6.657,442.0,8.0,-552.0
504,12.2621,4.916,5.68,6.577,491.0,56.0,-531.0
504,12.282,4.755,5.616,6.474,437.0,103.0,-466.0
505,12.302,4.56,5.964,6.438,345.0,36.0,-375.0
506,12.3239,4.636,6.474,6.456,343.0,19.0,-395.0
507,12.3438,4.808,6.539,6.555,451.0,-7.0,-492.0
508,12.3637,4.725,6.509,6.493,552.0,51.0,-594.0
509,12.3837,4.33,6.151,6.438,501.0,74.0,-549.0
510,12.4036,4.244,6.622,6.102,389.0,172.0,-407.0
511,12.4236,3.935,6.74,5.878,377.0,96.0,-391.0
512,12.4435,3.97,6.864,5.971,445.0,27.0,-447.0
513,12.4634,4.112,7.095,6.111,531.0,-11.0,-531.0
513,12.4834,3.911,6.992,5.966,509.0,111.0,-570.0
514,12.5033,3.674,6.735,5.872,436.0,107.0,-490.0
515,12.5232,3.923,7.219,5.953,335.0,80.0,-355.0
516,12.5432,3.94,7.652,5.916,364.0,116.0,-361.0
517,12.5631,3.575,7.404,5.713,395.0,150.0,-396.0
518,12.583,3.636,7.639,5.799,434.0,76.0,-386.0
519,12.603,3.344,7.549,5.666,399.0,134.0,-360.0
520,12.6229,3.334,7.39,5.484,237.0,168.0,-263.0
521,12.6429,3.364,7.527,5.434,107.0,37.0,-171.0
522,12.6628,3.503,7.879,5.437,181.0,-5.0,-246.0
522,12.6827,3.432,7.414,5.622,262.0,-28.0,-301.0
523,12.7026,3.432,7.343,5.737,249.0,17.0,-235.0
524,12.7226,3.352,7.458,5.611,180.0,71.0,-142.0
525,12.7425,3.241,7.853,5.38,101.0,90.0,-86.0
526,12.7624,3.291,8.098,5.389,160.0,30.0,-140.0
527,12.7823,3.225,7.944,5.377,201.0,35.0,-182.0
528,12.8023,3.079,7.697,5.4,142.0,45.0,-121.0
529,12.8222,2.916,7.568,5.327,-35.0,65.0,16.0
530,12.8421,2.987,7.865,5.356,-274.0,31.0,203.0
531,12.8621,3.314,8.157,5.555,-390.0,-29.0,275.0
531,12.882,3.047,7.915,5.296,-191.0,170.0,154.0
532,12.902,3.193,7.421,5.618,-277.0,61.0,238.0
533,12.9239,3.001,7.129,5.531,-366.0,74.0,386.0
534,12.9438,2.993,7.238,5.362,-361.0,95.0,512.0
535,12.9637,3.528,7.772,5.51,-302.0,32.0,508.0
536,12.9837,3.584,7.456,5.64,-224.0,-9.0,417.0
537,13.0036,3.613,7.035,5.838,-375.0,1.0,535.0
538,13.0236,3.618,6.756,6.127,-634.0,-2.0,829.0
539,13.0435,3.976,6.984,6.315,-970.0,-5.0,1218.0
540,13.0634,4.227,7.175,6.26,-983.0,76.0,1256.0
540,13.0834,3.426,7.004,5.895,-821.0,206.0,1045.0
541,13.1033,3.727,6.566,5.963,-575.0,136.0,772.0
542,13.1232,4.423,6.634,6.837,-583.0,-118.0,805.0
543,13.1431,5.26,6.485,7.555,-739.0,-25.0,860.0
544,13.1631,5.411,5.98,7.629,-931.0,207.0,1005.0
545,13.183,5.152,5.587,7.072,-1058.0,361.0,1222.0
546,13.2029,4.432,4.679,6.701,-1246.0,178.0,1531.0
547,13.2229,4.093,4.082,6.296,-1385.0,-151.0,1839.0
548,13.2428,4.885,4.361,6.784,-1138.0,-571.0,1764.0
549,13.2627,6.104,4.584,7.111,-802.0,-875.0,1465.0
549,13.2827,6.41,3.734,7.976,-766.0,-578.0,1163.0
550,13.3026,6.06,2.883,7.632,-858.0,-220.0,1330.0
551,13.3225,6.525,3.622,6.893,-1191.0,-336.0,1728.0
552,13.3425,5.911,3.329,7.029,-1094.0,-226.0,1592.0
553,13.3624,6.51,3.493,7.488,-681.0,-323.0,1167.0
554,13.3823,6.676,2.522,7.827,-392.0,-300.0,791.0
555,13.4023,6.891,2.468,7.829,-183.0,-337.0,694.0
556,13.4222,6.881,2.739,7.539,-287.0,-52.0,692.0
557,13.4421,6.644,2.237,7.393,-409.0,74.0,751.0
558,13.4621,6.518,1.674,7.409,-518.0,8.0,908.0
558,13.482,6.845,1.545,7.562,-554.0,-43.0,1087.0
559,13.502,7.247,1.279,7.667,-548.0,-13.0,1234.0
560,13.5239,7.246,1.196,7.73,-562.0,34.0,1293.0
561,13.5438,6.883,1.279,7.357,-535.0,252.0,1185.0
562,13.5637,6.644,0.745,7.174,-552.0,235.0,1159.0
563,13.5837,6.722,0.53,7.366,-841.0,118.0,1371.0
564,13.6036,7.108,0.296,7.57,-980.0,-198.0,1545.0
565,13.6236,7.106,0.17,7.781,-1070.0,-142.0,1713.0
566,13.6435,7.007,0.011,7.767,-1065.0,169.0,1735.0
567,13.6634,7.005,-0.33,7.422,-872.0,248.0,1379.0
567,13.6834,6.634,-1.059,7.287,-663.0,99.0,1023.0
568,13.7033,6.455,-1.571,7.362,-591.0,-1.0,926.0
569,13.7232,6.743,-1.8,7.615,-535.0,-51.0,912.0
570,13.7432,6.885,-1.859,7.742,-627.0,26.0,1012.0
571,13.7631,6.717,-1.933,7.596,-689.0,204.0,1077.0
572,13.783,6.384,-2.253,7.412,-675.0,218.0,1094.0
573,13.803,6.305,-2.699,7.33,-663.0,172.0,1060.0
574,13.8229,6.273,-3.152,7.306,-683.0,139.0,1089.0
575,13.8428,6.4,-3.346,7.403,-777.0,86.0,1201.0
576,13.8628,6.428,-3.753,7.55,-821.0,96.0,1311.0
576,13.8827,6.287,-4.033,7.612,-859.0,125.0,1392.0
577,13.9026,5.879,-4.075,7.521,-756.0,156.0,1274.0
578,13.9225,5.464,-4.228,7.227,-612.0,200.0,1043.0
579,13.9425,5.529,-4.587,7.179,-481.0,79.0,918.0
580,13.9624,5.594,-4.875,7.36,-474.0,33.0,967.0
581,13.9823,5.662,-4.818,7.387,-500.0,105.0,1041.0
582,14.0023,5.691,-4.945,7.32,-537.0,162.0,1091.0
583,14.0222,5.332,-5.362,7.234,-649.0,256.0,1224.0
584,14.0421,4.799,-5.663,6.932,-756.0,336.0,1322.0
585,14.0621,4.539,-5.459,6.807,-724.0,228.0,1202.0
585,14.082,4.58,-5.629,6.803,-646.0,152.0,1029.0
586,14.102,4.785,-5.85,6.862,-534.0,114.0,874.0
587,14.1239,4.55,-6.334,6.766,-609.0,214.0,941.0
588,14.1438,4.447,-6.424,6.705,-801.0,205.0,1156.0
589,14.1637,4.131,-6.583,6.594,-832.0,238.0,1172.0
590,14.1837,3.676,-6.643,6.309,-656.0,242.0,944.0
591,14.2036,3.396,-7.151,6.205,-408.0,144.0,666.0
592,14.2236,3.488,-7.4,6.397,-349.0,32.0,630.0
593,14.2435,3.536,-7.111,6.434,-323.0,75.0,652.0
594,14.2634,3.298,-7.007,6.217,-373.0,146.0,670.0
594,14.2833,2.987,-7.148,6.181,-398.0,118.0,664.0
595,14.3033,3.168,-7.389,6.183,-399.0,102.0,651.0
596,14.3232,3.005,-7.611,6.257,-363.0,108.0,606.0
597,14.3431,2.984,-7.982,6.233,-222.0,161.0,614.0
598,14.363,2.884,-8.021,6.003,-276.0,214.0,643.0
599,14.383,2.391,-7.949,5.99,-328.0,138.0,694.0
600,14.4029,2.209,-8.068,5.898,-382.0,161.0,796.0
601,14.4229,2.34,-7.87,5.862,-472.0,131.0,878.0
602,14.4428,2.046,-7.57,5.771,-567.0,260.0,891.0
603,14.4627,2.228,-8.085,5.769,-546.0,248.0,738.0
603,14.4827,2.025,-8.35,5.873,-538.0,167.0,707.0
604,14.5026,1.9,-8.294,5.787,-452.0,220.0,656.0
605,14.5225,1.804,-8.24,5.635,-360.0,219.0,613.0
606,14.5425,1.375,-8.282,5.47,-361.0,246.0,624.0
607,14.5624,1.353,-8.219,5.447,-394.0,221.0,616.0
608,14.5823,1.456,-8.669,5.557,-431.0,209.0,580.0
609,14.6023,1.244,-9.301,5.675,-575.0,276.0,837.0
610,14.6222,1.159,-8.398,5.294,-698.0,460.0,1055.0
611,14.6422,0.721,-8.034,4.888,-594.0,454.0,887.0
612,14.6621,0.273,-8.666,4.842,-398.0,300.0,636.0
612,14.6821,0.114,-9.096,4.768,-325.0,228.0,660.0
613,14.702,0.138,-8.996,4.694,-326.0,166.0,705.0
614,14.722,0.201,-8.708,4.773,-450.0,147.0,795.0
615,14.7439,0.012,-8.633,4.842,-583.0,258.0,887.0
616,14.7638,-0.554,-8.869,4.487,-507.0,483.0,790.0
617,14.7837,-1.15,-9.301,4.094,-385.0,458.0,649.0
618,14.8037,-0.889,-9.451,4.172,-333.0,303.0,606.0
619,14.8236,-0.682,-9.243,4.341,-380.0,157.0,621.0
620,14.8436,-0.739,-9.228,4.401,-427.0,213.0,644.0
621,14.8635,-1.074,-9.322,4.275,-475.0,271.0,689.0
621,14.8834,-1.059,-9.245,4.379,-379.0,238.0,618.0
622,14.9034,-1.104,-8.97,4.211,-365.0,230.0,578.0
623,14.9233,-1.182,-9.045,4.252,-358.0,212.0,530.0
624,14.9432,-1.539,-9.087,3.998,-375.0,284.0,505.0
625,14.9632,-1.828,-8.841,3.652,-352.0,366.0,427.0
626,14.9831,-1.911,-8.969,3.474,-341.0,349.0,333.0
627,15.0031,-1.775,-9.149,3.512,-402.0,242.0,341.0
628,15.023,-1.878,-9.317,3.683,-377.0,159.0,344.0
629,15.0429,-2.059,-9.54,3.62,-391.0,273.0,404.0
630,15.0629,-2.087,-9.361,3.439,-420.0,380.0,472.0
630,15.0828,-2.211,-8.951,3.116,-463.0,420.0,438.0
631,15.1028,-2.354,-9.233,3.083,-350.0,341.0,321.0
632,15.1227,-2.585,-9.244,2.98,-331.0,309.0,300.0
633,15.1427,-2.51,-8.939,2.863,-195.0,217.0,199.0
634,15.1626,-2.441,-8.936,2.874,-58.0,109.0,69.0
635,15.1825,-2.557,-9.116,2.908,-85.0,52.0,99.0
636,15.2025,-2.443,-9.09,2.929,-155.0,94.0,151.0
637,15.2224,-2.519,-9.363,2.998,-222.0,81.0,202.0
638,15.2423,-2.751,-9.561,2.992,-140.0,107.0,211.0
639,15.2623,-2.749,-9.171,2.732,-144.0,165.0,233.0
639,15.2822,-2.84,-9.019,2.531,-138.0,175.0,172.0
640,15.3021,-2.878,-9.129,2.532,-134.0,86.0,137.0
641,15.3221,-2.952,-9.264,2.561,-139.0,37.0,119.0
642,15.342,-3.015,-9.343,2.649,-159.0,86.0,162.0
643,15.362,-2.872,-8.872,2.588,-229.0,161.0,175.0
644,15.3839,-2.889,-8.746,2.388,-284.0,196.0,136.0
645,15.4238,-3.134,-9.578,2.513,-57.0,163.0,-247.0
646,15.4437,-2.897,-9.928,2.589,-22.0,172.0,-136.0
647,15.4637,-2.534,-9.043,2.516,-87.0,76.0,-70.0
648,15.4836,-2.727,-9.345,2.564,-144.0,20.0,-1.0
648,15.5036,-2.629,-8.926,2.473,-227.0,138.0,-8.0
649,15.5235,-2.527,-9.017,2.322,-302.0,185.0,3.0
650,15.5434,-2.79,-9.21,2.258,-255.0,105.0,-41.0
651,15.5634,-2.921,-9.098,1.948,-96.0,149.0,-171.0
652,15.5833,-2.817,-9.003,1.799,27.0,-15.0,-304.0
653,15.6032,-2.774,-9.169,1.958,73.0,-201.0,-399.0
654,15.6232,-2.199,-8.946,2.249,163.0,-309.0,-615.0
655,15.6431,-2.286,-9.249,2.355,320.0,-275.0,-893.0
656,15.663,-2.291,-9.341,2.358,220.0,-208.0,-830.0
657,15.683,-2.393,-9.829,2.698,35.0,-232.0,-406.0
657,15.7029,-2.178,-9.803,2.88,-21.0,-141.0,-151.0
658,15.7229,-2.077,-9.88,2.667,-41.0,71.0,-40.0
659,15.7428,-2.199,-9.582,2.403,20.0,127.0,-109.0
660,15.7628,-1.903,-9.108,2.302,38.0,-34.0,-253.0
661,15.7827,-1.999,-9.418,2.441,179.0,-145.0,-394.0
662,15.8026,-1.906,-9.413,2.486,127.0,-120.0,-361.0
663,15.8226,-1.657,-9.329,2.459,203.0,-104.0,-439.0
664,15.8425,-1.615,-8.865,2.292,230.0,-159.0,-580.0
665,15.8625,-1.636,-9.264,2.358,304.0,-250.0,-713.0
666,15.8824,-1.478,-9.655,2.544,292.0,-292.0,-708.0
666,15.9023,-1.366,-9.844,2.705,271.0,-239.0,-626.0
667,15.9223,-1.213,-9.799,3.008,203.0,-55.0,-513.0
668,15.9422,-1.125,-9.521,2.847,224.0,53.0,-487.0
669,15.9621,-1.041,-9.433,2.77,441.0,-93.0,-672.0
670,15.9821,-0.838,-9.391,2.941,658.0,-338.0,-857.0
671,16.002,-0.667,-9.507,3.253,821.0,-348.0,-919.0
672,16.022,-0.457,-9.317,3.232,749.0,-164.0,-789.0
673,16.0439,-0.292,-9.531,3.129,446.0,-48.0,-653.0
674,16.0638,-0.494,-10.156,3.498,379.0,-192.0,-538.0
675,16.0838,-0.182,-9.662,3.679,429.0,-219.0,-519.0
675,16.1037,0.206,-9.115,3.812,664.0,-210.0,-696.0
676,16.1237,0.399,-8.745,3.682,570.0,-87.0,-763.0
677,16.1436,0.651,-8.808,3.964,467.0,-288.0,-790.0
678,16.1636,1.069,-8.997,4.351,507.0,-348.0,-920.0
679,16.1835,0.967,-9.193,4.527,592.0,-273.0,-990.0
680,16.2034,0.971,-9.47,4.565,603.0,-120.0,-792.0
681,16.2234,1.305,-9.42,4.509,562.0,-52.0,-675.0
682,16.2433,1.268,-9.634,4.39,592.0,-29.0,-594.0
683,16.2632,1.13,-9.556,4.367,498.0,-106.0,-473.0
684,16.2832,1.342,-9.093,4.451,546.0,-171.0,-542.0
684,16.3031,1.768,-8.711,4.611,699.0,-276.0,-786.0
685,16.323,2.301,-8.388,4.849,814.0,-442.0,-1091.0
686,16.343,2.672,-8.031,5.069,873.0,-558.0,-1378.0
687,16.3629,2.871,-8.327,5.352,873.0,-601.0,-1508.0
688,16.3829,2.926,-8.315,5.568,877.0,-647.0,-1503.0
689,16.4028,3.001,-8.171,5.752,995.0,-608.0,-1487.0
690,16.4227,3.33,-7.914,5.848,1268.0,-584.0,-1455.0
691,16.4427,4.063,-6.741,5.581,1262.0,-460.0,-1426.0
692,16.4626,4.316,-6.913,5.462,1135.0,-477.0,-1376.0
693,16.4826,4.252,-7.215,5.871,933.0,-757.0,-1328.0
693,16.5025,4.227,-7.618,6.365,725.0,-745.0,-1109.0
694,16.5225,4.65,-7.244,6.558,638.0,-571.0,-894.0
695,16.5424,4.776,-6.47,6.294,531.0,-238.0,-818.0
696,16.5623,4.992,-6.383,5.942,441.0,-178.0,-840.0
697,16.5823,4.906,-6.448,5.965,338.0,-331.0,-734.0
698,16.6022,5.367,-6.201,6.179,297.0,-418.0,-631.0
699,16.6221,5.652,-5.905,6.293,358.0,-380.0,-671.0
700,16.6421,5.789,-5.855,6.161,302.0,-329.0,-692.0
701,16.662,5.751,-6.078,6.22,280.0,-398.0,-646.0
702,16.682,5.698,-5.871,6.288,232.0,-383.0,-469.0
702,16.7039,5.839,-5.571,6.269,182.0,-317.0,-376.0
703,16.7238,6.026,-5.343,6.082,202.0,-352.0,-502.0
704,16.7437,6.279,-5.318,6.15,250.0,-584.0,-686.0
705,16.7637,6.718,-5.81,6.486,248.0,-739.0,-781.0
706,16.7836,6.57,-5.647,6.558,183.0,-486.0,-633.0
707,16.8036,6.221,-5.473,5.911,201.0,-246.0,-453.0
708,16.8235,6.26,-5.126,5.693,223.0,-285.0,-358.0
709,16.8434,6.345,-5.241,5.831,212.0,-344.0,-413.0
710,16.8634,6.586,-5.371,5.916,202.0,-339.0,-400.0
711,16.8833,7.257,-4.416,5.349,107.0,-672.0,-320.0
711,16.9032,7.278,-4.577,5.877,89.0,-516.0,-332.0
712,16.9232,6.885,-4.773,5.74,205.0,-326.0,-429.0
713,16.9431,6.547,-4.403,5.2,223.0,-300.0,-432.0
714,16.963,6.819,-4.119,5.177,195.0,-464.0,-457.0
715,16.983,7.548,-4.241,5.698,136.0,-525.0,-414.0
716,17.0029,7.329,-4.101,5.617,69.0,-372.0,-402.0
717,17.0229,7.289,-4.639,5.577,182.0,-299.0,-476.0
718,17.0428,7.131,-4.581,5.589,250.0,-262.0,-359.0
719,17.0627,7.485,-3.943,5.337,223.0,-147.0,-236.0
720,17.0827,7.315,-3.844,5.043,204.0,-264.0,-299.0
720,17.1026,7.384,-4.259,5.098,220.0,-482.0,-389.0
721,17.1226,7.796,-4.023,5.488,209.0,-677.0,-373.0
722,17.1425,8.036,-3.603,4.985,200.0,-688.0,-519.0
723,17.1624,8.128,-3.707,5.356,182.0,-498.0,-553.0
724,17.1824,8.185,-3.934,5.325,115.0,-323.0,-427.0
725,17.2023,8.185,-3.731,5.212,105.0,-179.0,-312.0
726,17.2223,8.052,-3.061,4.972,102.0,-158.0,-320.0
727,17.2422,8.045,-2.841,4.852,95.0,-133.0,-430.0
728,17.2621,7.997,-3.205,4.927,130.0,-257.0,-524.0
729,17.2821,8.464,-3.376,4.878,94.0,-389.0,-407.0
729,17.302,8.692,-3.5,5.059,109.0,-458.0,-235.0
730,17.322,8.198,-3.293,4.848,85.0,-484.0,-150.0
731,17.3439,8.343,-3.294,4.441,20.0,-597.0,-179.0
732,17.3837,8.669,-2.886,4.635,-78.0,-339.0,-44.0
733,17.4037,8.847,-3.013,4.587,21.0,-99.0,-180.0
734,17.4236,8.601,-3.272,4.527,63.0,-98.0,-248.0
735,17.4436,8.679,-2.856,4.374,83.0,-93.0,-271.0
736,17.4635,8.437,-2.769,4.314,113.0,-153.0,-257.0
737,17.4834,8.151,-2.91,4.422,154.0,-203.0,-218.0
738,17.5034,8.768,-2.82,4.525,159.0,-265.0,-120.0
738,17.5233,9.079,-2.775,4.397,251.0,-277.0,-100.0
739,17.5433,8.495,-2.679,4.3,269.0,-259.0,-212.0
740,17.5632,8.628,-2.734,4.098,182.0,-222.0,-235.0
741,17.5831,8.848,-2.579,4.147,169.0,-307.0,-203.0
742,17.6031,8.854,-2.403,4.171,101.0,-298.0,-175.0
743,17.623,8.8,-2.337,4.152,84.0,-187.0,-194.0
744,17.643,8.777,-2.588,4.051,52.0,-131.0,-216.0
745,17.6629,8.973,-2.664,4.063,112.0,-221.0,-271.0
746,17.6829,8.96,-2.543,4.087,125.0,-264.0,-272.0
747,17.7028,9.194,-2.034,4.038,111.0,-189.0,-288.0
747,17.7227,9.335,-1.999,3.863,101.0,-122.0,-293.0
748,17.7427,8.942,-2.241,3.83,102.0,-243.0,-317.0
749,17.7626,8.729,-2.253,3.911,116.0,-343.0,-311.0
750,17.7825,8.987,-2.079,3.931,137.0,-358.0,-276.0
751,17.8025,8.934,-1.598,3.839,122.0,-238.0,-280.0
752,17.8224,8.789,-1.8,3.669,118.0,-138.0,-384.0
753,17.8424,8.674,-2.064,3.658,132.0,-176.0,-348.0
754,17.8623,8.839,-1.935,3.73,133.0,-158.0,-272.0
755,17.8823,9.081,-1.737,3.753,146.0,-123.0,-183.0
756,17.9022,9.282,-1.044,3.615,89.0,32.0,-133.0
756,17.9221,9.267,-1.271,3.395,26.0,52.0,-185.0
757,17.9421,9.305,-1.523,3.539,4.0,-104.0,-157.0
758,17.962,9.424,-1.322,3.695,6.0,-104.0,-177.0
759,17.982,9.309,-1.745,3.668,40.0,-52.0,-237.0
760,18.0039,9.248,-1.589,3.655,72.0,-40.0,-205.0
761,18.0238,9.029,-1.137,3.557,69.0,-6.0,-284.0
762,18.0437,9.121,-1.234,3.527,70.0,-65.0,-401.0
763,18.0637,9.213,-1.374,3.621,94.0,-123.0,-414.0
764,18.0836,9.254,-1.17,3.655,118.0,-89.0,-410.0
765,18.1036,9.337,-1.032,3.566,145.0,-41.0,-447.0
765,18.1235,9.28,-0.776,3.51,162.0,-56.0,-583.0
766,18.1434,9.392,-0.593,3.397,171.0,-63.0,-765.0
767,18.1634,9.3,-0.751,3.412,156.0,-110.0,-814.0
768,18.1833,9.234,-1.04,3.573,179.0,-177.0,-710.0
769,18.2033,9.193,-0.644,3.656,167.0,-106.0,-564.0
770,18.2232,9.29,0.043,3.504,142.0,-8.0,-566.0
771,18.2431,9.272,0.192,3.347,116.0,10.0,-669.0
772,18.2631,9.256,0.084,3.385,95.0,-88.0,-661.0
773,18.283,9.5,0.256,3.51,93.0,-118.0,-652.0
774,18.303,9.752,0.485,3.482,104.0,-38.0,-747.0
774,18.3229,9.446,0.336,3.395,125.0,-23.0,-861.0
775,18.3428,9.07,0.159,3.454,167.0,-92.0,-847.0
776,18.3628,9.28,0.751,3.49,195.0,-59.0,-822.0
777,18.3827,9.38,1.401,3.297,206.0,46.0,-947.0
778,18.4027,9.279,1.259,3.185,212.0,46.0,-1062.0
779,18.4226,9.072,1.068,3.336,236.0,-68.0,-1065.0
780,18.4425,9.36,1.381,3.517,290.0,-119.0,-1035.0
781,18.4625,9.521,1.853,3.564,272.0,-47.0,-960.0
782,18.4824,9.677,2.702,3.361,180.0,42.0,-961.0
783,18.5023,9.422,2.733,3.264,165.0,-50.0,-1146.0
783,18.5223,9.143,2.4,3.378,193.0,-179.0,-1256.0
784,18.5422,9.105,2.118,3.531,233.0,-169.0,-1069.0
785,18.5622,9.122,2.512,3.484,264.0,-61.0,-852.0
786,18.5821,8.624,3.391,3.26,251.0,56.0,-822.0
787,18.6021,8.302,3.886,2.94,212.0,71.0,-948.0
788,18.622,8.332,3.885,2.921,211.0,-134.0,-1125.0
789,18.642,8.112,3.859,3.072,225.0,-198.0,-1251.0
790,18.6639,8.303,3.758,3.047,252.0,-126.0,-1201.0
791,18.6838,8.402,3.919,3.072,222.0,-73.0,-841.0
792,18.7037,8.497,4.858,2.892,150.0,65.0,-651.0
792,18.7237,8.387,5.144,2.673,140.0,65.0,-900.0
793,18.7436,8.501,4.62,2.739,195.0,-108.0,-1201.0
794,18.7636,8.598,4.581,2.987,242.0,-191.0,-1216.0
795,18.7835,7.829,4.833,3.127,237.0,-69.0,-1023.0
796,18.8034,7.775,5.285,2.966,216.0,25.0,-890.0
797,18.8234,7.999,5.586,2.86,189.0,-25.0,-854.0
798,18.8433,8.019,5.669,2.816,209.0,-63.0,-977.0
799,18.8632,7.752,5.768,2.866,239.0,-105.0,-1112.0
800,18.8832,7.396,5.713,2.887,270.0,-73.0,-1127.0
801,18.9031,7.032,5.872,2.75,260.0,-17.0,-977.0
801,18.923,6.979,6.129,2.611,236.0,0.0,-832.0
802,18.943,6.883,6.12,2.656,258.0,-91.0,-794.0
803,18.9629,6.667,6.812,2.632,264.0,-60.0,-873.0
804,18.9829,6.426,6.847,2.489,248.0,-2.0,-895.0
805,19.0028,6.41,6.675,2.411,278.0,-59.0,-922.0
806,19.0227,6.462,6.655,2.462,289.0,-86.0,-764.0
807,19.0427,6.614,7.278,2.33,314.0,-38.0,-809.0
808,19.0626,6.972,7.439,2.178,329.0,-23.0,-1046.0
809,19.0826,6.703,7.543,2.106,299.0,-40.0,-1126.0
810,19.1025,6.151,7.499,2.093,289.0,-74.0,-1167.0
810,19.1225,5.77,7.314,2.112,260.0,-100.0,-943.0
811,19.1424,5.559,7.848,2.15,182.0,-155.0,-778.0
812,19.1623,5.248,8.167,2.12,167.0,-137.0,-811.0
813,19.1823,5.194,8.094,2.109,182.0,-109.0,-828.0
814,19.2022,5.458,8.283,1.986,177.0,-52.0,-706.0
815,19.2221,5.477,8.307,1.882,164.0,-42.0,-695.0
816,19.2421,4.984,8.192,1.866,138.0,-53.0,-645.0
817,19.262,4.69,8.356,1.836,144.0,-50.0,-624.0
818,19.282,4.621,8.407,1.765,117.0,-38.0,-570.0
819,19.3019,4.598,8.466,1.702,45.0,-29.0,-420.0
819,19.3239,4.688,8.582,1.743,30.0,-96.0,-310.0
820,19.3438,4.537,8.757,1.802,58.0,-95.0,-389.0
821,19.3638,4.721,8.498,1.763,100.0,-37.0,-518.0
822,19.3837,4.53,8.215,1.755,117.0,-26.0,-518.0
823,19.4036,4.118,8.26,1.785,137.0,1.0,-459.0
824,19.4236,4.064,8.551,1.697,116.0,37.0,-328.0
825,19.4435,3.932,8.845,1.658,95.0,48.0,-238.0
826,19.4634,3.707,9.086,1.586,62.0,38.0,-215.0
827,19.4834,3.891,9.102,1.587,64.0,0.0,-332.0
828,19.5033,4.077,8.58,1.695,45.0,-37.0,-267.0
828,19.5233,3.889,8.527,1.811,35.0,-1.0,-91.0
829,19.5432,3.96,8.838,1.741,12.0,70.0,16.0
830,19.5632,4.053,8.983,1.548,-10.0,115.0,-19.0
831,19.5831,4.049,8.661,1.518,-8.0,65.0,-20.0
832,19.603,4.181,8.685,1.589,7.0,-12.0,-16.0
833,19.623,4.18,8.662,1.731,2.0,0.0,63.0
834,19.6429,3.827,8.806,1.774,-11.0,62.0,139.0
835,19.6629,3.909,8.744,1.668,-39.0,113.0,230.0
836,19.6828,4.01,8.906,1.614,-38.0,41.0,167.0
837,19.7027,4.244,8.675,1.712,-38.0,8.0,162.0
837,19.7227,4.302,8.516,1.793,-62.0,23.0,286.0
838,19.7426,4.213,8.734,1.781,-55.0,45.0,302.0
839,19.7625,4.304,8.815,1.763,-36.0,30.0,152.0
840,19.7825,4.079,8.492,1.75,-27.0,32.0,99.0
841,19.8024,4.353,8.557,1.763,-19.0,3.0,120.0
842,19.8224,4.527,8.623,1.784,-1.0,12.0,49.0
843,19.8423,4.216,8.447,1.835,12.0,59.0,63.0
844,19.8622,4.184,8.595,1.689,20.0,91.0,75.0
845,19.8821,4.183,8.701,1.642,24.0,41.0,37.0
846,19.9021,4.222,8.529,1.675,1.0,33.0,128.0
846,19.922,4.332,8.714,1.705,0.0,2.0,119.0
847,19.942,4.523,8.633,1.802,28.0,-26.0,52.0
848,19.9639,4.52,8.778,1.768,28.0,32.0,38.0
849,19.9838,4.379,8.54,1.76,37.0,18.0,-38.0
850,20.0037,4.281,8.311,1.79,-10.0,31.0,129.0
851,20.0237,4.38,8.35,1.853,-75.0,56.0,441.0
852,20.0436,4.476,8.377,1.844,-216.0,201.0,984.0
853,20.0636,3.995,8.24,1.785,-301.0,273.0,1371.0
854,20.0835,4.246,8.466,1.694,-210.0,151.0,1008.0
855,20.1034,5.543,7.867,2.018,-68.0,-61.0,588.0
855,20.1234,5.752,7.657,2.31,-83.0,74.0,761.0
856,20.1433,5.721,7.72,2.155,-177.0,356.0,1298.0
857,20.1632,5.523,7.819,1.978,-273.0,487.0,1868.0
858,20.1832,5.677,7.653,2.027,-348.0,431.0,2163.0
859,20.2031,6.367,7.649,2.215,-373.0,344.0,2164.0
860,20.2231,6.377,7.306,2.446,-235.0,272.0,1834.0
861,20.243,6.602,6.704,2.551,-166.0,306.0,1570.0
862,20.2629,7.135,5.952,2.697,-257.0,337.0,1891.0
863,20.2829,7.49,5.618,2.936,-357.0,375.0,2439.0
864,20.3028,7.806,5.403,3.089,-367.0,500.0,2527.0
864,20.3228,8.162,5.176,2.995,-334.0,587.0,2379.0
865,20.3427,8.697,5.015,2.968,-325.0,588.0,2271.0
866,20.3626,8.957,4.429,3.049,-359.0,454.0,2133.0
867,20.3825,8.865,4.246,3.213,-392.0,365.0,1833.0
868,20.4025,8.823,3.663,3.33,-325.0,271.0,1446.0
869,20.4224,8.76,2.941,3.577,-288.0,188.0,1387.0
870,20.4424,8.631,2.884,3.723,-303.0,250.0,1599.0
871,20.4623,8.63,3.145,3.634,-339.0,389.0,1821.0
872,20.4822,8.787,2.716,3.522,-316.0,422.0,1825.0
873,20.5022,9.012,2.058,3.613,-253.0,293.0,1518.0
873,20.5221,9.122,1.663,3.761,-213.0,221.0,1257.0
874,20.542,9.418,1.322,3.883,-201.0,203.0,1210.0
875,20.562,9.316,1.001,4.032,-258.0,270.0,1491.0
876,20.5839,8.909,1.031,3.995,-342.0,410.0,1764.0
877,20.6038,8.802,0.956,3.888,-327.0,419.0,1650.0
878,20.6238,9.025,0.437,4.074,-293.0,313.0,1503.0
879,20.6437,8.945,0.122,4.289,-298.0,303.0,1509.0
880,20.6636,8.484,-0.168,4.311,-318.0,402.0,1548.0
881,20.6836,8.595,-0.411,4.322,-317.0,368.0,1557.0
882,20.7035,9.134,-0.364,4.45,-336.0,388.0,1548.0
882,20.7234,9.112,-0.838,4.696,-268.0,390.0,1369.0
883,20.7434,8.474,-1.283,4.756,-241.0,459.0,1284.0
884,20.7633,8.371,-1.845,4.774,-178.0,471.0,1254.0
885,20.7832,8.68,-1.516,4.792,-162.0,511.0,1214.0
886,20.8032,9.238,-1.269,4.743,-148.0,530.0,988.0
887,20.8231,8.672,-1.872,4.942,-47.0,376.0,679.0
888,20.843,8.186,-2.307,5.211,168.0,221.0,189.0
889,20.863,7.792,-2.246,5.059,268.0,304.0,-225.0
890,20.8829,8.113,-2.392,4.773,345.0,324.0,-633.0
891,20.9029,8.486,-3.002,4.863,273.0,339.0,-603.0
891,20.9228,8.226,-3.463,5.108,143.0,328.0,-296.0
892,20.9427,8.169,-3.048,5.163,45.0,427.0,-41.0
893,20.9627,8.351,-1.958,5.083,119.0,537.0,-114.0
894,20.9826,8.454,-1.356,5.15,276.0,707.0,-411.0
895,21.0025,8.527,-1.347,5.151,245.0,602.0,-573.0
896,21.0225,8.027,-1.499,5.38,239.0,476.0,-634.0
897,21.0424,8.498,-1.742,5.677,262.0,440.0,-587.0
898,21.0623,8.334,-1.8,5.956,202.0,428.0,-417.0
899,21.0823,8.37,-1.702,5.927,118.0,533.0,-245.0
900,21.1022,7.964,-1.397,5.986,99.0,503.0,-146.0
900,21.1221,7.871,-1.569,6.515,187.0,731.0,-141.0
901,21.1421,8.07,-1.829,6.554,162.0,677.0,-50.0
902,21.162,8.098,-1.699,6.53,133.0,671.0,102.0
903,21.182,7.652,-1.666,6.46,171.0,567.0,102.0
904,21.2039,7.503,-1.334,6.542,164.0,478.0,90.0
905,21.2238,7.641,-0.973,6.567,103.0,509.0,26.0
906,21.2437,7.55,-1.202,6.773,81.0,421.0,-39.0
907,21.2637,7.302,-1.415,6.867,62.0,508.0,-3.0
908,21.2836,7.058,-1.335,6.853,151.0,689.0,-24.0
909,21.3035,7.269,-0.808,6.478,225.0,972.0,-104.0
909,21.3235,7.031,-0.448,6.5,222.0,1085.0,-222.0
910,21.3434,7.057,-0.625,6.868,150.0,940.0,-248.0
911,21.3633,7.25,-1.13,7.525,151.0,714.0,-260.0
912,21.3832,7.351,-1.725,7.985,49.0,615.0,-142.0
913,21.4032,7.108,-1.411,8.097,-54.0,592.0,7.0
914,21.4231,6.907,-0.727,7.791,-4.0,655.0,-71.0
915,21.443,6.701,-0.731,7.817,156.0,430.0,-236.0
916,21.463,6.619,-0.997,8.177,188.0,125.0,-197.0
917,21.4829,6.566,-0.877,8.228,134.0,230.0,-131.0
918,21.5029,6.443,-0.955,8.083,102.0,342.0,-62.0
918,21.5228,6.255,-0.48,7.843,13.0,551.0,-38.0
919,21.5427,5.962,-0.704,7.706,56.0,499.0,-81.0
920,21.5627,6.009,-0.96,7.792,146.0,512.0,3.0
921,21.5826,5.957,-0.767,7.97,80.0,571.0,128.0
922,21.6025,6.144,-0.704,8.268,-40.0,517.0,151.0
923,21.6225,6.24,-0.906,8.733,-56.0,353.0,61.0
924,21.6424,6.309,-0.934,8.93,48.0,364.0,-98.0
925,21.6623,6.224,-0.605,8.569,113.0,614.0,-284.0
926,21.6823,5.637,-0.941,8.578,156.0,402.0,-226.0
927,21.7022,5.782,-0.029,8.923,140.0,235.0,-173.0
927,21.7221,5.595,-0.636,8.49,89.0,120.0,-75.0
928,21.7421,5.592,-0.447,8.633,54.0,346.0,-46.0
929,21.762,5.459,-0.595,8.487,89.0,377.0,-77.0
930,21.782,5.352,-0.558,8.507,182.0,457.0,-144.0
931,21.8039,5.571,-0.403,8.63,281.0,481.0,-144.0
932,21.8238,5.468,-0.229,8.733,236.0,536.0,-137.0
933,21.8438,5.382,-0.649,8.964,143.0,655.0,-142.0
934,21.8637,5.278,-0.253,8.865,57.0,746.0,-135.0
935,21.8836,4.895,-0.427,8.784,133.0,880.0,-167.0
936,21.9036,4.816,-0.306,8.953,212.0,870.0,-177.0
936,21.9235,4.744,-0.086,9.143,235.0,934.0,-187.0
937,21.9434,4.53,0.12,9.546,160.0,961.0,-141.0
938,21.9634,4.07,0.0,9.704,28.0,868.0,-82.0
939,21.9833,3.843,-0.192,9.451,72.0,708.0,-91.0
940,22.0032,4.09,0.111,9.612,91.0,701.0,-134.0
941,22.0232,3.917,0.213,9.664,-13.0,800.0,-73.0
942,22.0431,3.393,-0.001,9.831,13.0,780.0,16.0
943,22.063,3.37,0.012,9.846,16.0,652.0,46.0
944,22.083,3.524,-0.002,9.621,26.0,610.0,54.0
945,22.1029,3.46,-0.002,9.544,25.0,841.0,57.0
945,22.1229,3.065,-0.002,9.761,11.0,1071.0,32.0
946,22.1428,3.018,0.029,9.784,1.0,1219.0,20.0
947,22.1627,2.666,-0.081,9.855,5.0,1267.0,30.0
948,22.1827,2.466,0.105,10.007,10.0,1301.0,51.0
949,22.2026,2.23,0.026,9.901,12.0,1367.0,63.0
950,22.2225,1.943,0.05,9.94,6.0,1589.0,61.0
951,22.2425,1.273,-0.114,10.293,1.0,1475.0,40.0
952,22.2624,1.125,-0.175,10.294,-2.0,1322.0,-18.0
953,22.2823,0.718,-0.102,10.366,-4.0,1134.0,-29.0
954,22.3023,0.329,0.032,10.506,7.0,957.0,-2.0
954,22.3222,0.502,0.016,10.47,11.0,823.0,21.0
955,22.3421,0.342,-0.059,10.402,-3.0,805.0,-32.0
956,22.3621,0.132,-0.013,10.58,-3.0,595.0,15.0
957,22.382,-0.387,-0.117,10.853,14.0,301.0,4.0
958,22.402,0.233,-0.051,10.269,4.0,41.0,1.0
959,22.4239,0.093,-0.023,10.347,8.0,38.0,0.0
960,22.4438,0.108,-0.005,10.347,1.0,32.0,0.0
961,22.4637,0.067,-0.011,10.355,-4.0,24.0,0.0
962,22.4837,0.099,-0.018,10.349,-7.0,17.0,0.0
963,22.5036,0.087,-0.029,10.336,-3.0,13.0,1.0
963,22.5236,0.069,-0.012,10.37,-2.0,8.0,3.0
964,22.5435,0.081,-0.011,10.353,0.0,7.0,3.0
965,22.5634,0.087,-0.013,10.359,-4.0,5.0,6.0
966,22.5834,0.093,-0.024,10.329,-2.0,4.0,3.0
967,22.6033,0.079,-0.022,10.374,0.0,3.0,0.0
968,22.6232,0.097,-0.014,10.33,0.0,3.0,0.0
969,22.6432,0.083,-0.029,10.35,-3.0,2.0,1.0
970,22.6631,0.084,-0.019,10.337,-1.0,2.0,0.0
971,22.683,0.08,-0.02,10.351,0.0,0.0,1.0
972,22.703,0.073,-0.013,10.338,0.0,-1.0,-1.0
972,22.7229,0.073,-0.01,10.353,-1.0,-4.0,0.0
973,22.7429,0.093,-0.028,10.343,1.0,-4.0,0.0
974,22.7628,0.096,-0.018,10.345,-2.0,-9.0,0.0
975,22.7827,0.099,-0.044,10.319,-3.0,-5.0,1.0
976,22.8027,0.102,-0.007,10.344,-3.0,0.0,1.0
977,22.8226,0.095,-0.01,10.329,-3.0,-1.0,0.0
978,22.8425,0.087,-0.034,10.36,-1.0,4.0,0.0
979,22.8625,0.089,-0.013,10.323,0.0,2.0,-2.0
980,22.8824,0.075,-0.045,10.333,1.0,1.0,-1.0
981,22.9023,0.087,-0.03,10.347,2.0,0.0,-2.0
981,22.9223,0.081,-0.024,10.357,2.0,0.0,-1.0
982,22.9422,0.085,0.001,10.343,-2.0,0.0,0.0
983,22.9621,0.071,-0.014,10.355,-1.0,2.0,0.0
984,22.9821,0.075,-0.018,10.335,-1.0,2.0,0.0
985,23.002,0.085,-0.038,10.342,0.0,-1.0,-1.0
986,23.022,0.074,-0.023,10.336,1.0,-1.0,0.0
987,23.0439,0.091,-0.007,10.343,-1.0,1.0,-1.0
988,23.0618,0.095,-0.028,10.335,0.0,0.0,0.0
989,23.0837,0.087,-0.02,10.361,0.0,0.0,-1.0
990,23.1037,0.087,-0.025,10.345,2.0,0.0,0.0
990,23.1236,0.084,-0.018,10.349,0.0,1.0,-1.0
991,23.1436,0.08,-0.012,10.327,-2.0,3.0,-1.0
992,23.1635,0.077,-0.031,10.348,-1.0,2.0,0.0
993,23.1834,0.084,-0.023,10.349,0.0,-2.0,0.0
994,23.2034,0.086,-0.025,10.336,1.0,-4.0,-2.0
995,23.2233,0.089,-0.022,10.345,0.0,-2.0,-1.0
996,23.2432,0.074,-0.022,10.333,-1.0,-1.0,2.0
997,23.2632,0.091,-0.019,10.329,0.0,-3.0,0.0
998,23.2831,0.092,-0.03,10.357,1.0,-2.0,-1.0
999,23.3031,0.095,-0.016,10.339,2.0,-1.0,-1.0
999,23.323,0.098,-0.004,10.344,0.0,1.0,-1.0
1000,23.3429,0.079,-0.013,10.348,-1.0,1.0,-1.0
1001,23.3629,0.075,-0.014,10.347,-3.0,-1.0,0.0
